School Number,School_Name,Community,School_Type,Title1 Pct,Students with Disabilities Pct,Homeless Pct,Economically Disadvantaged Pct,Dropout Rate (Chronic Absentee Pct),Mobility Rate,Distance_Miles,Score_Disabilities,Score_Homeless,Score_Eco,Score_Dropout,Score_Mobility,Score_Distance,Total_Sc,lat,lon
178,Excel Academy at Francis M. Wood High,Poppleton/The Terraces/Hollins Market,High,*,25.3,12,85.9,95,95,0.16519,22.55555556,31.25,87.80160858,100,100,94.81115509,66.93318652,39.29240224 ,-76.63406935 
450,Frederick Douglass High,Glen-Fallstaff,High,>= 95.0,21.9,14.5,82,84.3,82.4,0.75401,18.77777778,42.41071429,82.57372654,88.11111111,86,59.76130242,59.25643652,39.36482542 ,-76.70294000 
75,Katherine Johnson Global Academy,Greater Rosemont,Middle,>= 95.0,22,13.2,87,71,41.4,0.20513,18.88888889,36.60714286,89.27613941,73.33333333,40.44444444,92.43370338,58.66107449,39.30051322 ,-76.66075166 
130,Booker T. Washington Middle,Upton/Druid Heights,Middle,>= 95.0,27,10.7,87.6,71.4,45.9,0.16573,24.44444444,25.44642857,90.08042895,73.77777778,45.44444444,94.77901128,58.63735576,39.30399735 ,-76.62822924 
433,Renaissance Academy,Upton/Druid Heights,High,>= 95.0,21.4,5.1,84.2,88,95,0.16573,18.22222222,0.446428571,85.5227882,92.22222222,100,94.77901128,58.55350112,39.30265908 ,-76.62777551 
97,Collington Square Elementary/Middle,Clifton-Berea,Middle,>= 95.0,15,15.9,83.3,68.4,38.5,0.2661,11.11111111,48.66071429,84.31635389,70.44444444,37.22222222,88.8044287,57.12078452,39.30735270 ,-76.58713636 
95,Franklin Square Elementary/Middle,Southwest Baltimore,Middle,>= 95.0,13.9,18.4,87.3,66.2,41.6,0.66928,9.888888889,59.82142857,89.67828418,68,40.66666667,64.80490491,56.94903694,39.29087948 ,-76.63977676 
13,Tench Tilghman Elementary/Middle,Madison/East End,Middle,>= 95.0,15.1,16.1,81.5,58,41.7,0.28668,11.22222222,49.55357143,81.90348525,58.88888889,40.77777778,87.57939224,55.73460555,39.29768244 ,-76.58516151 
225,Westport Academy,Westport/Mount Winans/Lakeland,Middle,>= 95.0,35.2,7.2,87.5,64.3,51.7,0.45468,33.55555556,9.821428571,89.9463807,65.88888889,51.88888889,77.57909462,54.57663397,39.26273988 ,-76.63787390 
85,Fort Worthington Elementary/Middle,Clifton-Berea,Middle,>= 95.0,15.7,15.5,80.8,60.1,29.4,0.2442,11.88888889,46.875,80.96514745,61.22222222,27.11111111,90.10803893,54.34360381,39.30706512 ,-76.57978982 
35,Harlem Park Elementary/Middle,Sandtown-Winchester/Harlem Park,Middle,>= 95.0,13,14,91.6,29.3,42,0.22642,8.888888889,40.17857143,95.44235925,27,41.11111111,91.16640376,54.16015355,39.29894591 ,-76.64022178 
237,Highlandtown Elementary/Middle #237,Highlandtown,Middle,>= 95.0,9.6,27.4,63.5,32.8,25.3,0.30455,5.111111111,100,57.77479893,30.88888889,22.55555556,86.51567011,53.78771691,39.28950125 ,-76.56540812 
413,Achievement Academy at Harbor City High,Hamilton Hills,High,*,28.3,5,83.5,95,95,0.9672,25.88888889,0,84.5844504,100,100,47.07104378,53.38454695,39.36632848 ,-76.57109474 
421,National Academy Foundation,Oldtown/Middle East,Middle,>= 95.0,18.6,15.1,65.1,68.6,42.7,0.07802,15.11111111,45.08928571,59.91957105,70.66666667,41.88888889,100,53.27552768,39.29658049 ,-76.59756529 
28,Sandtown-Winchester Achievement Academy,Sandtown-Winchester/Harlem Park,Middle,>= 95.0,18.2,6.8,93.4,72,43.7,0.41778,14.66666667,8.035714286,97.85522788,74.44444444,43,79.77558856,52.71506589,39.30676309 ,-76.64032922 
87,Windsor Hills Elementary/Middle,Forest Park/Walbrook,Middle,>= 95.0,31.3,5,83.4,61.6,46,0.08846,29.22222222,0,84.45040214,62.88888889,45.55555556,99.37855293,52.70827237,39.31690976 ,-76.68289546 
8,City Springs Elementary/Middle,Harbor East/Little Italy,Middle,>= 95.0,14.1,11,85.3,58.4,31.2,0.18131,10.11111111,26.78571429,86.99731903,59.33333333,29.11111111,93.85160273,52.05087969,39.29021580 ,-76.59717914 
223,Pimlico Elementary/Middle,Pimlico/Arlington/Hilltop,Middle,>= 95.0,14.4,9.8,79.2,69.2,49.3,0.27811,10.44444444,21.42857143,78.82037534,71.33333333,49.22222222,88.08952647,51.34868154,39.34803712 ,-76.66871186 
15,Stadium School,The Waverlies,Middle,>= 95.0,30.8,7.1,83.3,59.9,45,0.43221,28.66666667,9.375,84.31635389,61,44.44444444,78.91663442,51.06936141,39.32089099 ,-76.60236643 
454,Carver Vocational-Technical High,Greater Rosemont,High,>= 95.0,18.9,6.9,82.9,83.8,48.8,0.60468,15.44444444,8.482142857,83.78016086,87.55555556,48.66666667,68.65025745,49.65011851,39.30502278 ,-76.65208266 
419,Reginald F. Lewis High,Hamilton Hills,High,*,24.5,7.4,75.7,85.8,86.3,1.01664,21.66666667,10.71428571,74.12868633,89.77777778,90.33333333,44.12809905,49.63868803,39.36475860 ,-76.57222060 
10,James McHenry Elementary/Middle,Poppleton/The Terraces/Hollins Market,Middle,>= 95.0,13.6,12.3,84.5,40.5,19.9,0.17852,9.555555556,32.58928571,85.92493298,39.44444444,16.55555556,94.0176791,49.61285336,39.28764285 ,-76.63366027 
134,Walter P. Carter Elementary/Middle,Greater Govans,Middle,>= 95.0,21.8,9.4,83.1,40.7,27.3,0.14379,18.66666667,19.64285714,84.04825737,39.66666667,24.77777778,96.08500253,49.53116393,39.34239109 ,-76.60465964 
63,Rosemont Elementary/Middle,Greater Rosemont,Middle,>= 95.0,13.3,8,85.3,50.8,31.4,0.12348,9.222222222,13.39285714,86.99731903,50.88888889,29.33333333,97.29396708,48.88866292,39.30462720 ,-76.66359201 
159,The Historic Cherry Hill Elementary/Middle,Cherry Hill,Middle,>= 95.0,12.9,5,88.7,57.7,35.6,0.0903,8.777777778,0,91.55495979,58.55555556,34,99.26902586,48.79020494,39.24843410 ,-76.62385515 
429,Vivien T. Thomas Medical Arts Academy,Southwest Baltimore,High,>= 95.0,13.1,6.4,81.8,84.8,55.1,0.64296,9,6.25,82.30563003,88.66666667,55.66666667,66.3716182,48.01548357,39.28976286 ,-76.63971450 
54,Barclay Elementary/Middle,Greater Charles Village/Barclay,Middle,>= 95.0,14.3,10.1,79.2,49.5,26.1,0.26288,10.33333333,22.76785714,78.82037534,49.44444444,23.44444444,88.99610107,46.96363598,39.32352735 ,-76.61120436 
246,Beechfield Elementary/Middle,Allendale/Irvington/S. Hilton,Middle,>= 95.0,19.7,11.2,84.6,56.1,27.4,0.82888,16.33333333,27.67857143,86.05898123,56.77777778,24.88888889,55.30462216,46.77948625,39.28137039 ,-76.69364508 
427,Academy for College and Career Exploration,Hampden/Remington,Middle,>= 95.0,20.7,5.3,74.4,65.4,34.3,0.091,17.44444444,1.339285714,72.38605898,67.11111111,32.55555556,99.22735796,46.70403114,39.33042167 ,-76.63762495 
416,Digital Harbor High School,Inner Harbor/Federal Hill,High,*,16.9,7.3,72.6,77.2,38.5,0.34931,13.22222222,10.26785714,69.97319035,80.22222222,37.22222222,83.8513051,46.51345367,39.27754267 ,-76.60708201 
410,Mergenthaler Vocational-Technical High,Northwood,High,*,18.8,7.3,73,76.5,26.9,0.45991,15.33333333,10.26785714,70.50938338,79.44444444,24.33333333,77.26777583,44.71552809,39.33558865 ,-76.58869796 
341,The Reach! Partnership School,Belair-Edison,High,>= 95.0,28.2,5,81.4,79.8,42.6,1.06992,25.77777778,0,81.769437,83.11111111,41.77777778,40.95657609,44.23029011,39.31765647 ,-76.59422780 
328,Southwest Baltimore Charter School,Pigtown/Carroll Park,Middle,>= 95.0,21.7,9.5,77.5,39,14.2,0.37635,18.55555556,20.08928571,76.54155496,37.77777778,10.22222222,82.24173338,44.000617,39.28194990 ,-76.63768099 
58,Dr. Nathan A. Pitts-Ashburton Elementary/Middle,Dorchester/Ashburton,Middle,>= 95.0,19.9,6.2,77.3,57.2,37.3,0.5304,16.55555556,5.357142857,76.27345845,58,35.88888889,73.07181761,43.80056582,39.33075388 ,-76.66812999 
231,The Belair-Edison School,Belair-Edison,Middle,>= 95.0,17.4,5,82.3,66.8,25.4,0.50937,13.77777778,0,82.97587131,68.66666667,22.66666667,74.32364058,43.7814028,39.32115449 ,-76.56521750 
229,Holabird Academy,Southeastern,Middle,>= 95.0,10.2,17,71.4,35.6,20.1,0.82131,5.777777778,53.57142857,68.36461126,34,16.77777778,55.75523081,42.40205648,39.27641062 ,-76.53807727 
88,Wildwood Elementary/Middle,Edmondson Village,Middle,>= 95.0,11.9,6.7,82.9,37.5,23.9,0.36812,7.666666667,7.589285714,83.78016086,36.11111111,21,82.73162892,42.11708614,39.29419060 ,-76.68383013 
400,Edmondson-Westside High,Allendale/Irvington/S. Hilton,High,*,18.4,5,75.8,86.6,28.1,0.7986,14.88888889,0,74.26273458,90.66666667,25.66666667,57.10705676,41.74285327,39.29210400 ,-76.68924540 
210,Hazelwood Elementary/Middle,Cedonia/Frankford,Middle,>= 95.0,11.6,8.2,79.3,40.1,29.5,0.57145,7.333333333,14.28571429,78.95442359,39,27.22222222,70.62829251,41.27888152,39.33924408 ,-76.53834151 
51,Waverly Elementary/Middle,The Waverlies,Middle,>= 95.0,16.6,5,77.9,44.7,16.5,0.24837,12.88888889,0,77.07774799,44.11111111,12.77777778,89.85981726,41.01507625,39.33065191 ,-76.60368052 
406,Forest Park High,Dorchester/Ashburton,High,*,14.1,6.9,70.9,69,33.8,0.64425,10.11111111,8.482142857,67.69436997,71.11111111,32,66.2948302,40.89757893,39.33261744 ,-76.68997330 
239,Benjamin Franklin High School at Masonville Cove,Brooklyn/Curtis Bay/Hawkins Point,High,*,18.4,9.4,61.6,80.7,48.9,0.99502,14.88888889,19.64285714,55.22788204,84.11111111,48.77777778,45.41504211,40.81446492,39.23303439 ,-76.59391267 
375,Baltimore Collegiate School for Boys,Midway/Coldstream,Middle,>= 95.0,14.7,5,73.4,39.7,25.6,0.10998,10.77777778,0,71.04557641,38.55555556,22.88888889,98.09756243,40.77602847,39.31995805 ,-76.60022984 
124,Bay-Brook Elementary/Middle,Brooklyn/Curtis Bay/Hawkins Point,Middle,>= 95.0,15.4,10.9,73.4,55.4,34,1.17443,11.55555556,26.33928571,71.04557641,56,32.22222222,34.73555761,39.37291822,39.22657695 ,-76.59973608 
53,Margaret Brent Elementary/Middle,Greater Charles Village/Barclay,Middle,>= 95.0,13.2,8.6,62.1,41.8,33.4,0.30106,9.111111111,16.07142857,55.89812332,40.88888889,31.55555556,86.72341439,39.26399537,39.31936335 ,-76.61854712 
215,Highlandtown Elementary/Middle #215,Patterson Park North & East,Middle,>= 95.0,5.5,11.7,60,42.6,29.2,0.33804,0.555555556,29.91071429,53.08310992,41.77777778,26.88888889,84.5221584,38.90902187,39.29007646 ,-76.57089904 
256,Calvin M. Rodwell Elementary/Middle,Howard Park/West Arlington,Middle,>= 95.0,11.8,5,74.5,52.4,28,0.49972,7.555555556,0,72.52010724,52.66666667,25.55555556,74.89806244,38.69806951,39.33003194 ,-76.69465641 
81,North Bend Elementary/Middle,Beechfield/Ten Hills/West Hills,Middle,>= 95.0,14.6,5,72.2,44.3,29.6,0.43655,10.66666667,0,69.43699732,43.66666667,27.33333333,78.6582934,38.39132667,39.28235567 ,-76.70556106 
897,Baltimore Revolutionary Academy for Virtual Ed.,Hamilton Hills,Middle,*,17.6,5,72.2,31.2,37,0.44918,14,0,69.43699732,29.11111111,35.55555556,77.90648531,38.31188879,39.36638027 ,-76.56111389 
405,Patterson High,Greektown/Bayview,High,*,13.8,8.2,64.3,67.3,27.8,0.71357,9.777777778,14.28571429,58.84718499,69.22222222,25.33333333,62.16851692,38.30532775,39.29188921 ,-76.53637075 
414,Paul Laurence Dunbar High,Oldtown/Middle East,High,*,10,5,70.5,51.7,17.2,0.21228,5.555555556,0,67.15817694,51.88888889,13.55555556,92.00809548,38.24631411,39.29510727 ,-76.59977215 
377,Green Street Academy,Allendale/Irvington/S. Hilton,Middle,>= 95.0,18.6,5,80.4,46.3,13.6,0.68755,15.11111111,0,80.42895442,45.88888889,9.555555556,63.71737254,38.23151115,39.29289061 ,-76.67264120 
212,Garrett Heights Elementary/Middle,Greater Lauraville,Middle,>= 95.0,16.2,5,72.6,47.9,26.2,0.53584,12.44444444,0,69.97319035,47.66666667,23.55555556,72.74799845,38.01660847,39.34874897 ,-76.56918242 
245,Leith Walk Elementary/Middle,Loch Raven,Middle,>= 95.0,11.3,6.6,74.6,30.2,18.6,0.37,7,7.142857143,72.6541555,28,15.11111111,82.61972083,37.69617954,39.36403070 ,-76.59251240 
247,Cross Country Elementary/Middle,Cross-Country/Cheswolde,Middle,>= 95.0,12.4,5,70.1,35.6,19.5,0.23076,8.222222222,0,66.62198391,34,16.11111111,90.90806274,36.94726095,39.36281433 ,-76.68810174 
335,Baltimore International Academy,Cedonia/Frankford,Middle,>= 95.0,5.1,11.9,66.1,25.9,9.6,0.3526,0.111111111,30.80357143,61.26005362,23.22222222,5.111111111,83.65546594,36.87960314,39.33613255 ,-76.54950478 
347,KIPP Harmony Academy,Greater Rosemont,Middle,>= 95.0,12.9,7,76.4,47.8,15.9,0.848,8.777777778,8.928571429,75.06702413,47.55555556,12.11111111,54.16649305,36.3996665,39.30994083 ,-76.67603404 
44,Montebello Elementary/Middle,Northwood,Middle,>= 95.0,12.2,5.3,83.1,47.7,25,1.03099,8,1.339285714,84.04825737,47.44444444,22.22222222,43.27390696,36.3376742,39.32738819 ,-76.58664159 
262,Empowerment Academy,Greater Rosemont,Middle,>= 95.0,11.8,6,76.7,25.5,12.8,0.42321,7.555555556,4.464285714,75.4691689,22.77777778,8.666666667,79.45236465,36.33355962,39.29742270 ,-76.65948180 
220,Morrell Park Elementary/Middle,Morrell Park/Violetville,Middle,>= 95.0,17.4,6.4,67.7,47.8,33.5,0.82761,13.77777778,6.25,63.40482574,47.55555556,31.66666667,55.38021965,36.08601716,39.26394767 ,-76.65097894 
235,Glenmount Elementary/Middle,Hamilton,Middle,>= 95.0,16.5,5.7,70.1,16.3,18.4,0.26419,12.77777778,3.125,66.62198391,12.55555556,14.88888889,88.91812256,35.91821436,39.35150513 ,-76.54294912 
368,Elmer A. Henderson: A Johns Hopkins Partnership,Madison/East End,Middle,>= 95.0,10.8,5,78.3,28.7,7.4,0.40827,6.444444444,0,77.61394102,26.33333333,2.666666667,80.34167684,35.64362567,39.30082049 ,-76.58792999 
374,Vanguard Collegiate Middle,Cedonia/Frankford,Middle,>= 95.0,14.2,5,78.2,39.6,35.7,0.97812,10.22222222,0,77.47989276,38.44444444,34.11111111,46.42102444,35.63312686,39.31850760 ,-76.54630872 
205,Woodhome Elementary/Middle,Hamilton Hills,Middle,>= 95.0,16.4,7.5,71.9,27.9,19.7,0.74491,12.66666667,11.16071429,69.03485255,25.44444444,16.33333333,60.30298521,35.24741489,39.36689475 ,-76.53970974 
348,Baltimore Leadership School for Young Women,Midtown,Middle,>= 95.0,11.5,5,72.4,51.1,13.2,0.67161,7.222222222,0,69.70509383,51.22222222,9.111111111,64.6662103,34.60398278,39.29508288 ,-76.61736683 
382,Baltimore Design School,Midtown,Middle,>= 95.0,14.3,5,70.3,30,5.7,0.42455,10.33333333,0,66.89008043,27.77777778,0.777777778,79.37260038,33.55063239,39.30692548 ,-76.61072597 
327,Patterson Park Public Charter School,Patterson Park North & East,Middle,>= 95.0,15.1,5.6,60.1,21.6,6.2,0.14347,11.22222222,2.678571429,53.21715818,18.44444444,1.333333333,96.10405072,32.47783366,39.29245095 ,-76.57901650 
12,Lakeland Elementary/Middle,Westport/Mount Winans/Lakeland,Middle,>= 95.0,11.9,5,59.5,27.8,24.2,0.34937,7.666666667,0,52.41286863,25.33333333,21.33333333,83.84773356,31.88037719,39.25433984 ,-76.64515114 
243,Armistead Gardens Elementary/Middle,Orchard Ridge/Armistead,Middle,>= 95.0,11.9,5,71.7,32,12.4,0.73526,7.666666667,0,68.76675603,30,8.222222222,60.87740707,31.67885562,39.30412390 ,-76.55448298 
228,John Ruhrah Elementary/Middle,Greektown/Bayview,Middle,>= 95.0,10.6,12.1,53.3,22.9,16.4,0.66669,6.222222222,31.69642857,44.10187668,19.88888889,12.66666667,64.95907616,31.60861631,39.28509860 ,-76.55279658 
241,Fallstaff Elementary/Middle,Glen-Fallstaff,Middle,>= 95.0,7.8,8.5,58.2,32.1,21.3,0.73612,3.111111111,15.625,50.67024129,30.11111111,18.11111111,60.82621507,30.36093703,39.36318906 ,-76.70485117 
27,Commodore John Rodgers Elementary/Middle,Greektown/Bayview,Middle,>= 95.0,10.2,8.3,70.1,34.3,13.4,1.20932,5.777777778,14.73214286,66.62198391,32.55555556,9.333333333,32.65871008,29.84517551,39.28488085 ,-76.53032011 
407,Western High,Greater Roland Park/Poplar Hill,High,*,5,5,65.5,52.4,12.3,0.80608,0,0,60.45576408,52.66666667,8.111111111,56.66180541,29.69098961,39.34485536 ,-76.64082112 
66,Mount Royal Elementary/Middle,Midtown,Middle,>= 95.0,11.7,5,58.4,32,11.8,0.47225,7.444444444,0,50.9383378,30,7.555555556,76.53323016,29.45901342,39.30921618 ,-76.62489243 
236,Hamilton Elementary/Middle,Hamilton Hills,Middle,>= 95.0,11.4,5,56.9,26.4,11.5,0.41163,7.111111111,0,48.92761394,23.77777778,7.222222222,80.14167088,28.77537634,39.35970823 ,-76.55830303 
240,Graceland Park/O'Donnell Heights Elementary/Middle,Greektown/Bayview,Middle,>= 95.0,8.2,7.7,58.8,30,17.9,0.99979,3.555555556,12.05357143,51.47453083,27.77777778,14.33333333,45.13110509,26.97123498,39.28163359 ,-76.54044314 
480,Baltimore City College,The Waverlies,High,*,5,5,47.4,21.7,5.9,0.41335,0,0,36.19302949,18.55555556,1,80.03928688,23.00970596,39.32733967 ,-76.59494876 
76,Francis Scott Key Elementary/Middle,South Baltimore,Middle,>= 95.0,11.5,5,37.3,19.8,5.1,0.38273,7.222222222,0,22.6541555,16.44444444,0.111111111,81.86196018,21.0428329,39.26923909 ,-76.59458137 
203,Maree Garnett Farring Elementary/Middle,Brooklyn/Curtis Bay/Hawkins Point,Middle,>= 95.0,12.6,5,62.5,32.4,19.3,1.75797,8.444444444,0,56.43431635,30.44444444,15.88888889,0,20.43080131,39.23675723 ,-76.60747876 
84,Thomas Johnson Elementary/Middle,South Baltimore,Middle,*,11.5,5,38.7,21.6,8.8,0.60895,7.222222222,0,24.5308311,18.44444444,4.222222222,68.39608322,20.10323137,39.27067205 ,-76.61151232 
233,Roland Park Elementary/Middle,Greater Roland Park/Poplar Hill,Middle,*,8.3,5,30.2,15.4,6.1,0.17971,3.666666667,0,13.13672922,11.55555556,1.222222222,93.94684366,19.38731997,39.35671692 ,-76.63467402 
47,Hampstead Hill Academy,Patterson Park North & East,Middle,*,5,5,38.5,9.7,8,0.43824,0,0,24.26273458,5.222222222,3.333333333,78.55769517,18.70489348,39.28623712 ,-76.57588419 
403,Baltimore Polytechnic Institute,Greater Roland Park/Poplar Hill,High,*,5,5,43.2,18.7,5,0.81566,0,0,30.56300268,15.22222222,0,56.09155034,17.57670544,39.34526470 ,-76.64336672 
55,Hampden Elementary/Middle,Hampden/Remington,Middle,>= 95.0,16.2,NA,40,23.7,11,0.38625,12.44444444,NA,26.27345845,20.77777778,6.666666667,81.65243013,NA,39.33212691 ,-76.62954326 
201,Dickey Hill Elementary/Middle,Dickeyville/Franklintown,Middle,>= 95.0,16.3,NA,72.5,57.3,40.3,0.11967,12.55555556,NA,69.83914209,58.11111111,39.22222222,97.52075955,NA,39.31166140 ,-76.70300590 
221,The Mount Washington School,Mount Washington/Coldspring,Middle,*,9.5,NA,41.9,25.4,9.7,0.4652,5,NA,28.82037534,22.66666667,5.222222222,76.9528855,NA,39.36619251 ,-76.65462528 
226,Violetville Elementary/Middle,Morrell Park/Violetville,Middle,>= 95.0,15.4,NA,72.8,47.4,15.1,0.4346,11.55555556,NA,70.24128686,47.11111111,11.22222222,78.77436828,NA,39.26718107 ,-76.67378760 
232,Thomas Jefferson Elementary/Middle,Beechfield/Ten Hills/West Hills,Middle,>= 95.0,16.7,NA,76.7,39.9,26.2,0.50059,13,NA,75.4691689,38.77777778,23.55555556,74.84627519,NA,39.29497987 ,-76.69919362 
301,William S. Baer School,Greater Mondawmin,Middle,*,95,NA,79.4,72,13.5,0.51324,100,NA,79.08847185,74.44444444,9.444444444,74.09327659,NA,39.31016249 ,-76.65714895 
307,Claremont School,Greektown/Bayview,High,*,95,NA,84.4,40.4,24.3,0.71357,100,NA,85.79088472,39.33333333,21.44444444,62.16851692,NA,39.29188921 ,-76.53637075 
313,Lois T. Murray Elementary/Middle,Greater Govans,Middle,*,95,NA,73.7,47.8,43.3,0.14379,100,NA,71.44772118,47.55555556,42.55555556,96.08500253,NA,39.34239109 ,-76.60465964 
314,Sharp-Leadenhall Elementary/Middle,Clifton-Berea,Middle,*,95,NA,78.3,61.3,66.9,0.71351,100,NA,77.61394102,62.55555556,68.77777778,62.17208846,NA,39.31304635 ,-76.59560072 
321,Midtown Academy,Midtown,Middle,>= 95.0,18.1,NA,67.2,33.3,18.9,0.31895,14.55555556,NA,62.73458445,31.44444444,15.44444444,85.65850174,NA,39.30834803 ,-76.62195923 
322,New Song Academy,Sandtown-Winchester/Harlem Park,Middle,>= 95.0,12.8,NA,77.1,49.1,12.6,0.30483,8.666666667,NA,76.00536193,49,8.444444444,86.49900295,NA,39.30550013 ,-76.64218013 
323,The Crossroads School,NA,Middle,>= 95.0,13.3,NA,66.5,19.8,5,1.3574,9.222222222,NA,61.79624665,16.44444444,0,23.84416203,NA,39.28232988 ,-76.59663648 
325,ConneXions: A Community Based Arts School,Greater Mondawmin,Middle,>= 95.0,30,NA,83.3,53.1,23.9,0.38858,27.77777778,NA,84.31635389,53.44444444,21,81.51373553,NA,39.32162466 ,-76.66518008 
326,City Neighbors Charter School,Cedonia/Frankford,Middle,>= 95.0,19.9,NA,47.1,18.5,8.9,1.25835,16.55555556,NA,35.79088472,15,4.333333333,29.74017084,NA,39.34914510 ,-76.53485488 
336,Baltimore Montessori Public Charter School,Midtown,Middle,>= 95.0,12.9,NA,47,20.4,8,0.38169,8.777777778,NA,35.65683646,17.11111111,3.333333333,81.92386678,NA,39.30791530 ,-76.61228767 
345,Joseph C. Briscoe Academy,Upton/Druid Heights,Middle,*,95,NA,95,88.5,95,0.45555,100,NA,100,92.77777778,100,77.52730736,NA,39.29849372 ,-76.62432050 
346,City Neighbors Hamilton,Hamilton,Middle,*,23.6,NA,33.7,14.3,5,0.41393,20.66666667,NA,17.82841823,10.33333333,0,80.00476205,NA,39.35047143 ,-76.55549520 
362,Bard High School Early College,Greater Mondawmin,High,*,NA,5,58.9,60.4,10.2,0.38858,NA,0,51.60857909,61.55555556,5.777777778,81.51373553,NA,39.32162466 ,-76.66518008 
371,Lillie May Carroll Jackson School,Clifton-Berea,Middle,>= 95.0,18.5,NA,77.9,20.5,34,0.33241,15,NA,77.07774799,17.22222222,32.22222222,84.85728742,NA,39.31431324 ,-76.58221350 
373,Tunbridge Public Charter School,North Baltimore/Guilford/Homeland,Middle,*,16.8,NA,37.2,21.9,5,0.54292,13.11111111,NA,22.52010724,18.77777778,0,72.32655734,NA,39.35749940 ,-76.61005191 
376,City Neighbors High,Hamilton,High,*,29.5,NA,63.5,38.5,10.8,0.41393,27.22222222,NA,57.77479893,37.22222222,6.444444444,80.00476205,NA,39.35047143 ,-76.55549520 
385,Baltimore International Academy West,Edmondson Village,Middle,>= 95.0,11.5,NA,71.8,42.6,20.4,0.47647,7.222222222,NA,68.90080429,41.77777778,17.11111111,76.2820322,NA,39.29804566 ,-76.69184726 
386,Clay Hill Public Charter School,Greektown/Bayview,Middle,>= 95.0,13.8,NA,62.7,17.9,11.3,0.65295,9.777777778,NA,56.70241287,14.33333333,7,65.77695765,NA,39.29051946 ,-76.53817232 
415,Baltimore School for the Arts,Midtown,High,*,5,NA,20.4,17.6,5,0.48371,0,NA,0,14,0,75.851067,NA,39.29782071 ,-76.61722547 
430,Augusta Fells Savage Institute of Visual Arts,Sandtown-Winchester/Harlem Park,High,>= 95.0,32.6,NA,89.5,81.9,94.6,0.31623,30.66666667,NA,92.62734584,85.44444444,99.55555556,85.82041132,NA,39.29661179 ,-76.64291408 
884,Eager Street Academy,NA,Middle,*,29.6,NA,48.1,5,95,0.11901,27.33333333,NA,37.13136729,0,100,97.56004643,NA,39.30039979 ,-76.60707395 
